<?xml version="1.0" encoding="UTF-8" standalone="no"?>
<!DOCTYPE Resource SYSTEM "AATeam/map-0.2.8.0_rc4.dtd">
<Resource type="aamap" name="zonetest" version="0.1.0" author="Z-Man" category="fortress">
	<Map version="2">
		<!-- Test map for base zones.
	         License: Do with it what you want.                          -->

		<Settings>
			<Setting name="TEAMS_MIN" value="2" />
			<Setting name="TEAMS_MAX" value="2" />
			<Setting name="NUM_AIS" value="0" />
			<Setting name="SP_TEAMS_MIN" value="2" />
			<Setting name="SP_TEAMS_MAX" value="2" />
			<Setting name="SP_NUM_AIS" value="0" />
		</Settings>

		<World>
			<Field>
				<Spawn	x="-300" y="1"	xdir="1"	ydir="0"	/>
				<Spawn	x="300"	y="-1"	xdir="-1"	ydir="0"	/>

				<Wall>
					<Point	x="-400"	y="150"	/>
					<Point	x="400"	y="150"	/>
					<Point	x="400"	y="-150"	/>
					<Point	x="-400"	y="-150"	/>
					<Point	x="-400"	y="150"	/>
				</Wall>

	        <!--
				<Wall height="4">
					<Point	x="-400"	y="120"	/>
					<Point	x="-400"	y="-120"	/>
				</Wall>

				<Wall height="4">
					<Point	x="400"	y="120"	/>
					<Point	x="400"	y="-120"	/>
				</Wall>
	        -->

				<Wall height="4">
					<Point	x="-300"	y="70"	/>
					<Point	x="-50"	    y="70"	/>
				</Wall>
				<Wall height="4">
					<Point	x="300"	y="70"	/>
					<Point	x="50"	    y="70"	/>
				</Wall>
				<Wall height="4">
					<Point	x="-300"	y="-70"	/>
					<Point	x="-50"	    y="-70"	/>
				</Wall>
				<Wall height="4">
					<Point	x="300"	y="-70"	/>
					<Point	x="50"	    y="-70"	/>
				</Wall>

				<Zone effect="fortress">
					<ShapeCircle radius="40">
						<Point x="-350" y="0" />
					</ShapeCircle>
				</Zone>

				<Zone effect="fortress">
					<ShapeCircle radius="40">
						<Point x="350" y="0" />
					</ShapeCircle>
				</Zone>

				<Zone effect="fortress">
					<ShapeCircle radius="100" growth="-4">
						<Point x="-150" y="0" />
					</ShapeCircle>
				</Zone>

				<Zone effect="fortress">
					<ShapeCircle radius="100" growth="-4">
						<Point x="150" y="0" />
					</ShapeCircle>
				</Zone>
			</Field>
		</World>
	</Map>
</Resource>

