{
    "version": 3,
    "name": "timespinner.zip",
    "items": [
        "timespinner/",
        "Timespinner.sh"
    ],
    "items_opt": null,
    "attr": {
        "title": "Timespinner",
        "desc": "Travel back in time to change fate itself, in this beautifully crafted story-driven adventure, inspired by classic 90s action-platformers.",
        "inst": "You must have a copy of Timespinner for Linux copied to the ports/timespinner/gamedata folder.",
        "genres": [
            "action",
            "adventure"
        ],
        "porter": [
            "Johnny on Flame"
        ],
        "image": {},
        "rtr": false,
        "runtime": "mono-6.12.0.122-aarch64.squashfs",
        "reqs": [],
        "arch": [],
        "desc_md": null,
        "inst_md": null,
        "exp": false
    }
}