<?xml version="1.0" encoding="UTF-8" standalone="no"?>
<!DOCTYPE Resource SYSTEM "AATeam/map-0.2.8.0_rc4.dtd">
<Resource type="aamap" name="square" version="1.0.1" author="Anonymous" category="polygon/regular">
	<Map version="2">
		<!-- The original square map, technically created by z-man.
	         Converted to XML by philippeqc.
	         License: Public Domain. Do with it what you want.
        -->

		<World>
			<Field>
				<Spawn	x="255"	y="50"	xdir="0"	ydir="1"	/>
				<Spawn	x="245"	y="450"	xdir="0"	ydir="-1"	/>
				<Spawn	x="50"	y="245"	xdir="1"	ydir="0"	/>
				<Spawn	x="450"	y="255"	xdir="-1"	ydir="0"	/>

				<Spawn	x="305"	y="100"	xdir="0"	ydir="1"	/>
				<Spawn	x="195"	y="400"	xdir="0"	ydir="-1"	/>
				<Spawn	x="100"	y="195"	xdir="1"	ydir="0"	/>
				<Spawn	x="400"	y="305"	xdir="-1"	ydir="0"	/>

				<Spawn	x="205"	y="100"	xdir="0"	ydir="1"	/>
				<Spawn	x="295"	y="400"	xdir="0"	ydir="-1"	/>
				<Spawn	x="100"	y="295"	xdir="1"	ydir="0"	/>
				<Spawn	x="400"	y="205"	xdir="-1"	ydir="0"	/>

				<Wall>
					<Point	x="0"	y="0"	/>
					<Point	x="0"	y="500"	/>
					<Point	x="500"	y="500"	/>
					<Point	x="500"	y="0"	/>
					<Point	x="0"	y="0"	/>
				</Wall>
			</Field>
		</World>
	</Map>
</Resource>

