<?xml version="1.0" encoding="UTF-8" standalone="no"?>
<!DOCTYPE Resource SYSTEM "AATeam/map-0.2.8.0_rc4.dtd">
<Resource type="aamap" name="diamond" version="1.0.2" author="Anonymous" category="polygon/regular" >
	<Map version="2">

		<!-- Based on the original square map and technically created by z-man.
	         And still technically, this is a square, too ;) 
	         License: Public Domain. Do with it what you want.
         -->

		<World>
			<Field>
				<!-- spawn points stay unmodified from the square -->
				<Spawn	x="255"	y="50"	xdir="0"	ydir="1"	/>
				<Spawn	x="245"	y="450"	xdir="0"	ydir="-1"	/>
				<Spawn	x="50"	y="245"	xdir="1"	ydir="0"	/>
				<Spawn	x="450"	y="255"	xdir="-1"	ydir="0"	/>

				<Spawn	x="305"	y="100"	xdir="0"	ydir="1"	/>
				<Spawn	x="195"	y="400"	xdir="0"	ydir="-1"	/>
				<Spawn	x="100"	y="195"	xdir="1"	ydir="0"	/>
				<Spawn	x="400"	y="305"	xdir="-1"	ydir="0"	/>

				<Spawn	x="205"	y="100"	xdir="0"	ydir="1"	/>
				<Spawn	x="295"	y="400"	xdir="0"	ydir="-1"	/>
				<Spawn	x="100"	y="295"	xdir="1"	ydir="0"	/>
				<Spawn	x="400"	y="205"	xdir="-1"	ydir="0"	/>

				<!-- the corders of the arena get cut off, though. -->
				<Wall>
					<Point	x="000"	y="250"	/>
					<Point	x="250"	y="500"	/>
					<Point	x="500"	y="250"	/>
					<Point	x="250"	y="000"	/>
					<Point	x="000"	y="250"	/>
				</Wall>
			</Field>
		</World>
	</Map>
</Resource>

