<?xml version="1.0" encoding="utf-8"?>
<gameList>
  <game>
    <path>./Heroes.sh</path>
    <name>Heroes</name>
    <desc>Heroes is similar to the "Tron" and "Nibbles" games of yore, but includes many graphical improvements and new game features. In it, you must maneuver a small vehicle around a world and collect powerups while avoiding obstacles, your opponents' trails, and even your own trail.</desc>
    <releasedate>19960101T000000</releasedate>
    <developer>Author</developer>
    <publisher>Author</publisher>
    <genre>Arcade</genre>
    <image>./heroes/screenshot.png</image>
  </game>
</gameList>