{
    "version": 3,
    "name": "heroes.zip",
    "items": [
        "Heroes.sh",
        "heroes"
    ],
    "items_opt": null,
    "attr": {
        "title": "Heroes",
        "porter": [
            "Cebion"
        ],
        "desc": "Heroes is similar to the \"Tron\" and \"Nibbles\" games of yore, but includes many graphical improvements and new game features. In it, you must maneuver a small vehicle around a world and collect powerups while avoiding obstacles, your opponents' trails, and even your own trail.",
        "desc_md": null,
        "inst": "Ready to run!",
        "inst_md": null,
        "genres": [
            "action",
            "arcade"
        ],
        "image": {},
        "rtr": true,
        "exp": false,
        "runtime": null,
        "reqs": [],
        "arch": [
            "aarch64"
        ]
    }
}