{
    "version": 3,
    "name": "cave.story-evo.zip",
    "items": [
        "Cave Story-evo.sh",
        "nxengine-evo/"
    ],
    "items_opt": null,
    "attr": {
        "title": "Cave Story (Evo)",
        "desc": "Cave Story using the Nxengine-evo engine from https://github.com/nxengine/nxengine-evo",
        "inst": "Ready to run.",
        "genres": [
            "action",
            "adventure",
            "platformer"
        ],
        "porter": [
            "Christian_Haitian"
        ],
        "image": {},
        "rtr": true,
        "runtime": null,
        "reqs": [],
        "arch": [
            "aarch64"
        ],
        "desc_md": null,
        "inst_md": null,
        "exp": false
    }
}