<?xml version="1.0" encoding="utf-8"?>
<gameList>
  <game>
    <path>./TowerFall Ascension.sh</path>
    <name>TowerFall Ascension</name>
    <desc>TowerFall Ascension redefines archery combat, delivering adrenaline-pumping versus matches for up to 4 players. With its intense battles and easy-to-grasp mechanics, every moment is filled with heart-pounding action. And now, dive into the solo or duo Quest mode for an electrifying single-player adventure like never before.</desc>
    <releasedate>20130625T000000</releasedate>
    <developer>Maddy Makes Games</developer>
    <publisher>Maddy Makes Games</publisher>
    <genre>Action </genre>
    <image>./towerfall/screenshot.jpg</image>
  </game>
</gameList>