{
    "version": 3,
    "name": "towerfall.zip",
    "items": [
        "TowerFall Ascension.sh",
        "towerfall"
    ],
    "items_opt": null,
    "attr": {
        "title": "TowerFall Ascension",
        "porter": [
            "JanTrueno"
        ],
        "desc": "\nTowerFall Ascension redefines archery combat, delivering adrenaline-pumping versus matches for up to 4 players. With its intense battles and easy-to-grasp mechanics, every moment is filled with heart-pounding action. And now, dive into the solo or duo Quest mode for an electrifying single-player adventure like never before.",
        "inst": "GOG: Drop the .sh file inside the gamedata folder. \nItch: Drop the .bin file inside the gamedata folder. \nFor the DLC, put the repective file inside the gamedata folder as well.\nSteam version does not work due to DRM!",
        "genres": [
            "action"
        ],
        "image": {},
        "rtr": false,
        "exp": false,
        "runtime": "mono-6.12.0.122-aarch64.squashfs",
        "reqs": [],
        "arch": [
            "aarch64"
        ],
        "desc_md": null,
        "inst_md": null
    }
}