{
    "version": 3,
    "name": "worldofgoo.zip",
    "items": [
        "World of Goo.sh",
        "worldofgoo"
    ],
    "items_opt": null,
    "attr": {
        "title": "World of Goo",
        "porter": [
            "Cebion"
        ],
        "desc": "World of Goo is a multiple award winning physics based puzzle / construction game made entirely by two guys. Drag and drop living, squirming, talking, globs of goo to build structures, bridges, cannonballs, zeppelins, and giant tongues. The millions of Goo Balls that live in the beautiful World of Goo are curious to explore - but they don't know that they are in a game, or that they are extremely delicious.",
        "inst": "Copy your GOG World of Goo .sh into the Port folder or copy your Linux Game files (WorldOfGoo.bin.x86_64 renamed to WorldOfGoo.bin and GameFolder) to the worldofgoo gamedata folder.",
        "genres": [
            "puzzle"
        ],
        "image": {},
        "rtr": false,
        "exp": false,
        "runtime": null,
        "reqs": [],
        "arch": [
            "aarch64"
        ],
        "desc_md": null,
        "inst_md": null
    }
}