{
    "version": 3,
    "name": "shippy.zip",
    "items": [
        "Shippy.sh",
        "shippy"
    ],
    "items_opt": null,
    "attr": {
        "title": "Shippy",
        "porter": [
            "monkeyx.net"
        ],
        "desc": "The Earth is under attack. The only trained pilots, Sora and Fumiko, race to defeat the invaders. The experimental ships are Earth only hope.",
        "inst": "Can play in one or two player mode",
        "genres": [
            "arcade"
        ],
        "image": {},
        "rtr": true,
        "exp": false,
        "runtime": null,
        "reqs": [],
        "arch": [
            "aarch64"
        ],
        "desc_md": null,
        "inst_md": null
    }
}