<?xml version='1.0' encoding='utf-8'?>
<gameList>
  <game>
    <path>./Celeste.sh</path>
    <name>Celeste</name>
    <desc>Help Madeline survive her inner demons on her journey to the top of Celeste Mountain, in this super-tight, hand-crafted platformer.</desc>
    <image>./celeste/cover.png</image>
	<developer>Extremely OK Games, Ltd.</developer>
    <publisher>Maddy Makes Games Inc.</publisher>
    <genre>Platformer</genre>
    <releasedate>20180125T000000</releasedate>
  </game>
</gameList>
