{
    "version": 3,
    "name": "celeste.zip",
    "items": [
        "Celeste.sh",
        "celeste"
    ],
    "items_opt": null,
    "attr": {
        "title": "Celeste",
        "porter": [
            "Johnny on Flame"
        ],
        "desc": "Help Madeline survive her inner demons on her journey to the top of Celeste Mountain, in this super-tight, hand-crafted platformer from the creators of multiplayer classic TowerFall.",
        "desc_md": null,
        "inst": "- Install the port via PortMaster.\n- Download the Linux DRM-Free version of the game:\n  - https://maddymakesgamesinc.itch.io/celeste\n- Copy the game's data into \"celeste/gamedata\".\n- Run the port, the first time setup will take a few minutes.\n- Enjoy!",
        "inst_md": "- Install the port via PortMaster.\n- Download the Linux DRM-Free version of the game:\n  - [Itch.io Store: Celeste](https://maddymakesgamesinc.itch.io/celeste)\n- Copy the Celeste Linux files into `celeste/gamedata`.\n- Run the port, the first time setup will take a few minutes.\n- Enjoy!",
        "genres": [
            "platformer"
        ],
        "image": {},
        "rtr": false,
        "exp": false,
        "runtime": "mono-6.12.0.122-aarch64.squashfs",
        "reqs": [],
        "arch": [
            "aarch64"
        ]
    }
}