{
    "version": 3,
    "name": "rott.zip",
    "items": [
        "Rise of the Triad - The Hunt Begins.sh",
        "Rise of the Triad - Dark War.sh",
        "rott/"
    ],
    "items_opt": null,
    "attr": {
        "title": "Rise of the Triad",
        "porter": [
            "romadu",
            "Slayer366"
        ],
        "desc": "An open source port of Rise of the Triad by icculus.  The shareware files for the first episode are included.  The registered game files will be required to play Dark War.",
        "desc_md": null,
        "inst": "The demo files are already included for the first episode.  To play Dark War you will need to provide your DARKWAR.WAD, DARKWAR.RTC, and DARKWAR.RTL game files in the /ports/rott/ directory.",
        "inst_md": null,
        "genres": [
            "fps"
        ],
        "image": {},
        "rtr": true,
        "exp": false,
        "runtime": null,
        "reqs": [],
        "arch": [
            "aarch64"
        ]
    }
}