{
    "version": 3,
    "name": "descent3.zip",
    "items": [
        "Descent 3.sh",
        "descent3"
    ],
    "items_opt": null,
    "attr": {
        "title": "Descent III",
        "porter": [
            "Jeod",
            "fpasteau"
        ],
        "desc": "Play the exciting final installment in the Descent trilogy! Saved by amateur do-gooders, the Material Defender sets out to stop the robot virus and Dravis' evil plans once and for all! Pilot through 3D space, navigating through familiar indoor mines and outdoor open space terrain. It's a big universe, but fortunately they threw in a guidebot.",
        "inst": "Purchase the full game from GOG or Steam, or use CD game data patched to v1.4. Then, add data files to `descent3/gamedata`. See the readme for specific files needed.",
        "genres": [
            "fps"
        ],
        "image": {},
        "rtr": false,
        "exp": false,
        "runtime": null,
        "reqs": [
            "analog_1|analog_2"
        ],
        "arch": [
            "aarch64"
        ],
        "desc_md": null,
        "inst_md": null
    }
}