{
    "version": 3,
    "name": "abes_adventure.zip",
    "items": [
        "Abes Adventure.sh",
        "abes_adventure/"
    ],
    "items_opt": null,
    "attr": {
        "title": "Abe's Amazing Adventure",
        "desc": "A scrolling, platform-jumping, key-collecting, ancient pyramid exploring game, vaguely in the style of similar games for the Commodore+4.  Abe's Adventure files are already included and ready to go.",
        "inst": "Ready to run.",
        "genres": [
            "adventure",
            "platformer"
        ],
        "porter": [
            "Cebion"
        ],
        "image": {},
        "rtr": true,
        "runtime": null,
        "reqs": [],
        "arch": [
            "aarch64",
            "armhf",
            "x86_64"
        ],
        "desc_md": null,
        "inst_md": null,
        "exp": false
    }
}