<?xml version='1.0' encoding='utf-8'?>
<gameList>
  <game>
    <path>./Chasm.sh</path>
    <name>Chasm</name>
    <desc>Explore the depths below a remote mountain town in this procedurally-generated Adventure Platformer. Taking inspiration from hack 'n slash dungeon crawlers and Metroidvania-style platformers, Chasm will immerse you in a fantasy world full of exciting treasure, deadly enemies, and abundant secrets.</desc>
    <image>./chasm/cover.png</image>
    <releasedate>20180731T000000</releasedate>
    <developer>Bit Kid, Inc.</developer>
    <publisher>Bit Kid, Inc.</publisher>
    <genre>Action / Adventure-Platform-Action</genre>
  </game>
</gameList>
