{
    "version": 3,
    "name": "chasm.zip",
    "items": [
        "chasm/",
        "Chasm.sh"
    ],
    "items_opt": null,
    "attr": {
        "title": "Chasm",
        "porter": [
            "Johnny on Flame"
        ],
        "desc": "Explore the depths below a remote mountain town in this procedurally-generated Adventure Platformer. Taking inspiration from hack 'n slash dungeon crawlers and Metroidvania-style platformers, Chasm will immerse you in a fantasy world full of exciting treasure, deadly enemies, and abundant secrets.",
        "inst": "Copy the game's assets to the 'chasm/gamedata/' folder.",
        "genres": [
            "action",
            "adventure",
            "platformer"
        ],
        "image": {},
        "rtr": false,
        "runtime": "mono-6.12.0.122-aarch64.squashfs",
        "reqs": [],
        "arch": [],
        "desc_md": null,
        "inst_md": null,
        "exp": false
    }
}