<?xml version="1.0" encoding="utf-8"?>
<gameList>
  <game>
    <path>./Don Ceferino Hazaña.sh</path>
    <name>Don Ceferino Hazaña</name>
    <desc>A game similar to the classic Super Pang. Don Ceferino Hazaña is a gaucho from Argentina who must rescue his cow from the aliens. In the best Super Pang style, in this game the most important thing is the skill of the player.</desc>
    <releasedate>20040101T000000</releasedate>
    <developer>Hugo Ruscitti</developer>
    <publisher>Self-Published</publisher>
    <genre>Arcade</genre>
    <image>./ceferino/screenshot.png</image>
  </game>
</gameList>