{
    "version": 3,
    "name": "ceferino.zip",
    "items": [
        "Don Ceferino Haza\u00f1a.sh",
        "ceferino"
    ],
    "items_opt": null,
    "attr": {
        "title": "Don Ceferino Haza\u00f1a",
        "porter": [
            "Cebion"
        ],
        "desc": "A game similar to the classic Super Pang. Don Ceferino Haza\u00f1a is a gaucho from Argentina who must rescue his cow from the aliens. In the best Super Pang style, in this game the most important thing is the skill of the player.",
        "desc_md": null,
        "inst": "Ready to run! Main Menu is a tad slow but ingame it works great!",
        "inst_md": null,
        "genres": [
            "arcade"
        ],
        "image": {},
        "rtr": true,
        "exp": false,
        "runtime": null,
        "reqs": [
            "!rocknix"
        ],
        "arch": [
            "aarch64"
        ]
    }
}