<?xml version="1.0" encoding="utf-8"?>
<gameList>
  <game>
    <path>./Penguin Command.sh</path>
    <name>Penguin Command</name>
    <desc>This is a clone of the classic "Missile Command" Game, but it has better graphics and music. The gameplay has only been slightly modified.</desc>
    <releasedate>20000101T000000</releasedate>
    <developer>Karl Bartel</developer>
    <publisher>Self-Published</publisher>
    <genre>Arcade</genre>
    <image>./penguincommand/screenshot.png</image>
  </game>
</gameList>