{
    "version": 3,
    "name": "penguincommand.zip",
    "items": [
        "Penguin Command.sh",
        "penguincommand"
    ],
    "items_opt": null,
    "attr": {
        "title": "Penguin Command",
        "porter": [
            "Cebion"
        ],
        "desc": "This is a clone of the classic \"Missile Command\" Game, but it has better graphics and music. The gameplay has only been slightly modified.",
        "desc_md": null,
        "inst": "Ready to run! Beware that the Start of the game via R1 can take a second.",
        "inst_md": null,
        "genres": [
            "arcade"
        ],
        "image": {},
        "rtr": true,
        "exp": false,
        "runtime": null,
        "reqs": [],
        "arch": [
            "aarch64"
        ]
    }
}