{
    "version": 3,
    "name": "littlebusters.zip",
    "items": [
        "Little Busters!.sh",
        "littlebusters/"
    ],
    "items_opt": null,
    "attr": {
        "title": "Little Busters!",
        "porter": [
            "Jeod",
            "kloptops"
        ],
        "desc": "'Little Busters!' follows Riki Naoe and his group of childhood friends, the titular Little Busters, as they form a baseball team and navigate through various personal struggles and mysteries. As the story unfolds, Riki uncovers deeper secrets about his friends and the world around him, leading to poignant revelations and emotional growth for the characters.",
        "inst": "Add your game assets to `ports/littlebusters/gamedata`.",
        "genres": [
            "visual novel"
        ],
        "image": "screenshot.png",
        "rtr": false,
        "exp": false,
        "runtime": "rlvm.squashfs",
        "arch": [
            "aarch64"
        ],
        "reqs": [],
        "desc_md": null,
        "inst_md": null
    }
}