{
    "version": 3,
    "name": "mystikbelle.zip",
    "items": [
        "Mystik Belle.sh",
        "mystikbelle"
    ],
    "items_opt": null,
    "attr": {
        "title": "Mystik Belle",
        "porter": [
            "Pridetoons",
            "Jeod",
            "Cebion"
        ],
        "desc": "A Metroidvania with Point and Click style elements like Psychonauts.\nHelp Belle fix the mystic Walpurgisnacht Brew by finding three rare magical ingredients in order to clear her name.",
        "inst": "Download the Linux version through Steam with `download_depot 332610 332613 3942707501747355559` and add the contents of the `assets` folder to `mystikbelle/assets`.",
        "genres": [
            "action",
            "platformer"
        ],
        "image": {},
        "rtr": false,
        "exp": false,
        "runtime": null,
        "reqs": [],
        "arch": [
            "armhf"
        ],
        "desc_md": null,
        "inst_md": null
    }
}