<?xml version="1.0" encoding="ISO-8859-1" standalone="no"?>
<!DOCTYPE Resource SYSTEM "AATeam/map-0.2.8.0_rc4.dtd">
<Resource type="aamap" name="inaktek" version="0.7.2" author="Your_mom" category="clever">
	<Map version="2">
		<World>
			<Field>
				<Axes number="8"/>

				<Spawn x="600" y="500" xdir="0" ydir="-1" />
				<Spawn x="600" y="700" xdir="0" ydir="1" />
				<Spawn x="700" y="600" xdir="1" ydir="0" />
				<Spawn x="500" y="600" xdir="-1" ydir="0" />

				<Spawn x="400" y="100" xdir="1" ydir="0" />
				<Spawn x="400" y="1100" xdir="1" ydir="0" />
				<Spawn x="800" y="100" xdir="-1" ydir="0" />
				<Spawn x="800" y="1100" xdir="-1" ydir="0" />

				<Spawn x="100" y="800" xdir="0" ydir="-1" />
				<Spawn x="100" y="400" xdir="0" ydir="1" />
				<Spawn x="1100" y="800" xdir="0" ydir="-1" />
				<Spawn x="1100" y="400" xdir="0" ydir="1" />

				<Wall>
					<Point x="300" y="0" />
					<Point x="0" y="300" />
					<Point x="0" y="900" />
					<Point x="300" y="1200" />
					<Point x="900" y="1200" />
					<Point x="1200" y="900" />
					<Point x="1200" y="300" />
					<Point x="900" y="0" />
					<Point x="300" y="0" />
				</Wall>
				<Wall>
				<Point x="800" y="700" />
					<Point x="700" y="800" />
					<Point x="700" y="900" />
					<Point x="800" y="1000" />
					<Point x="900" y="1000" />
					<Point x="1000" y="900" />
					<Point x="1000" y="800" />
					<Point x="900" y="700" />
					<Point x="800" y="700" />
				</Wall>
				<Wall>
					<Point x="800" y="500" />
					<Point x="700" y="400" />
					<Point x="700" y="300" />
					<Point x="800" y="200" />
					<Point x="900" y="200" />
					<Point x="1000" y="300" />
					<Point x="1000" y="400" />
					<Point x="900" y="500" />
					<Point x="800" y="500" />
				</Wall>
				<Wall>
					<Point x="400" y="500" />
					<Point x="500" y="400" />
					<Point x="500" y="300" />
					<Point x="400" y="200" />
					<Point x="300" y="200" />
					<Point x="200" y="300" />
					<Point x="200" y="400" />
					<Point x="300" y="500" />
					<Point x="400" y="500" />
				</Wall>
				<Wall>
					<Point x="400" y="700" />
					<Point x="500" y="800" />
					<Point x="500" y="900" />
					<Point x="400" y="1000" />
					<Point x="300" y="1000" />
					<Point x="200" y="900" />
					<Point x="200" y="800" />
					<Point x="300" y="700" />
					<Point x="400" y="700" />
				</Wall>
			</Field>
		</World>
	</Map>
</Resource>


