{
    "version": 3,
    "name": "hurrican.zip",
    "items": [
        "hurrican/",
        "Hurrican.sh"
    ],
    "items_opt": null,
    "attr": {
        "title": "Hurrican",
        "desc": "Turrican port by Thrimbor.",
        "inst": "Just add the data and lang folders from here to the ports/hurrican folder or just launch Hurrican from the ports menu in Emulationstation and it will download the files and install them automatically.",
        "genres": [
            "platformer"
        ],
        "porter": [
            "romadu"
        ],
        "image": {},
        "rtr": false,
        "runtime": null,
        "reqs": [],
        "arch": [
            "aarch64"
        ],
        "desc_md": null,
        "inst_md": null,
        "exp": false
    }
}