<?xml version='1.0' encoding='utf-8'?>
<gameList>
  <game>
    <path>./SteelAssault.sh</path>
    <name>Steel Assault</name>
    <desc>Punch, whip, and zipline your way through a post-apocalyptic America in this 16-bit retro-style action platformer! Play as Taro Takahashi, a resistance soldier on a revenge mission against the dictator who lords over the ashes.</desc>
    <image>./steelassault/cover.png</image>
    <releasedate>20210928T000000</releasedate>
    <developer>Zenovia Interactive</developer>
    <publisher>Tribute Games Inc.</publisher>
    <genre>Action-Platform</genre>
  </game>
</gameList>
