{
    "version": 3,
    "name": "steelassault.zip",
    "items": [
        "steelassault/",
        "SteelAssault.sh"
    ],
    "items_opt": null,
    "attr": {
        "title": "Steel Assault",
        "desc": "Punch, whip, and zipline your way through a post-apocalyptic America in this 16-bit retro-style action platformer!",
        "inst": "You must have a copy of Steel Assault for Linux copied to the ports/steelassault/gamedata folder.",
        "genres": [
            "action",
            "platformer"
        ],
        "porter": [
            "Johnny on Flame"
        ],
        "image": {},
        "rtr": false,
        "runtime": "mono-6.12.0.122-aarch64.squashfs",
        "reqs": [
            "power"
        ],
        "arch": [],
        "desc_md": null,
        "inst_md": null,
        "exp": false
    }
}