{
    "version": 3,
    "name": "rocksndiamonds.zip",
    "items": [
        "Rocks n Diamonds.sh",
        "rocksndiamonds/"
    ],
    "items_opt": null,
    "attr": {
        "title": "Rocks N Diamonds",
        "desc": "A Boulderdash type game by Holger Schemel with many unique features, such as the ability to play remade levels from Boulderdash, Emerald Mine and Supaplex and many more levels.",
        "inst": "Ready to run.",
        "genres": [
            "puzzle"
        ],
        "porter": [
            "Christian_Haitian"
        ],
        "image": {},
        "rtr": true,
        "runtime": null,
        "reqs": [],
        "arch": [
            "aarch64"
        ],
        "desc_md": null,
        "inst_md": null,
        "exp": false
    }
}