<?xml version="1.0" encoding="utf-8"?>
<gameList>
  <game>
    <path>./Gato Roboto.sh</path>
    <name>Gato Roboto</name>
    <desc>Pounce inside of your cozy armored mech and set off on a dangerous trek through an alien underworld full of irritable creatures and treacherous obstacles in a valiant effort to save your stranded captain and his crashed spaceship.</desc>
    <developer>Doinksoft</developer>
    <publisher>Devolver Digital</publisher>
    <genre>Action</genre>
    <image>./gatoroboto/cover.png</image>
  </game>
</gameList>