{
    "version": 3,
    "name": "gatoroboto.zip",
    "items": [
        "Gato Roboto.sh",
        "gatoroboto"
    ],
    "items_opt": null,
    "attr": {
        "title": "Gato Roboto",
        "porter": [
            "JanTrueno"
        ],
        "desc": "Pounce inside of your cozy armored mech and set off on a dangerous trek through an alien underworld full of irritable creatures and treacherous obstacles in a valiant effort to save your stranded captain and his crashed spaceship.",
        "desc_md": null,
        "inst": "Install port. Download the windows version of game on Steam or GOG. Copy all gamefiles to the gamedata folder.",
        "inst_md": null,
        "genres": [
            "action",
            "adventure"
        ],
        "image": {},
        "rtr": false,
        "exp": false,
        "runtime": null,
        "reqs": [],
        "arch": [
            "aarch64"
        ]
    }
}