<?xml version='1.0' encoding='utf-8'?>
<gameList>
  <game>
    <path>./Axiom Verge.sh</path>
    <name>Axiom Verge</name>
    <desc>Axiom Verge is a 2D metroidvania platform shooter centered around the protagonist Trace, a scientist who, after an experiment gone wrong, finds himself on the world of Sudra. By the time Trace arrives on Sudra he finds this world and his civilization collapsed due to the release of the "Pathogen". With help of the Russalki (giant war machines that guard Sudra), Trace has to fight back the invading forces and return back across The Breach to Earth.</desc>
    <image>./axiom-verge/cover.png</image>
    <releasedate>20150514T000000</releasedate>
    <developer>Thomas Happ Games</developer>
    <publisher>Thomas Happ Games</publisher>
    <genre>Platform / Run Jump Scrolling-Platform</genre>
  </game>
</gameList>
