<?xml version='1.0' encoding='utf-8'?>
<gameList>
  <game>
    <path>./Exhumed.sh</path>
    <name>Powerslave [Exhumed]</name>
    <desc>In this First person shooter, you're an armed forces specialist sent to investigate strange happenings at the ancient Egyptian city of Karnak. Soon you learn that alien invaders with a penchant for mummifying humans alive have taken over the place. You have to fight your way through increasingly difficult levels with an unbelievable cast in order to finish it. 
</desc>
    <image>./Exhumed/cover.png</image>
    <releasedate>19960101T000000</releasedate>
    <developer>Lobotomy Software</developer>
    <publisher>Playmates Interactive</publisher>
    <genre>Shooter-Shooter / 1st person</genre>
  </game>
</gameList>
