<?xml version="1.0" encoding="utf-8"?>
<gameList>
  <game>
    <path>./Risk of Rain (2013).sh</path>
    <name>Risk of Rain (2013)</name>
    <desc>Risk of Rain is an action platformer with roguelike elements. With permanent death as a primary feature, players will have to play their best to get as far as possible. Fight on a mysterious planet with randomly spawning enemies and bosses.</desc>
    <releasedate>20131108T000000</releasedate>
    <developer> Hopoo Games</developer>
    <publisher>Gearbox Publishing</publisher>
    <genre>Platformer</genre>
    <image>./riskofrain/cover.png</image>
  </game>
</gameList>