{
    "version": 3,
    "name": "riskofrain.zip",
    "items": [
        "Risk of Rain (2013).sh",
        "riskofrain"
    ],
    "items_opt": null,
    "attr": {
        "title": "Risk of Rain (2013)",
        "porter": [
            "JanTrueno"
        ],
        "desc": "Risk of Rain is an action platformer with roguelike elements. With permanent death as a primary feature, players will have to play their best to get as far as possible. Fight on a mysterious planet with randomly spawning enemies and bosses.",
        "desc_md": null,
        "inst": "Buy the game on Steam and place all windows assets in the \"riskofrain\" portfolder.",
        "inst_md": null,
        "genres": [
            "action",
            "platformer"
        ],
        "image": {},
        "rtr": false,
        "exp": false,
        "runtime": null,
        "reqs": [],
        "arch": [
            "armhf"
        ]
    }
}