<?xml version='1.0' encoding='utf-8'?>
<gameList>
  <game>
    <path>./Descent 2.sh</path>
    <name>Descent II</name>
    <desc>The second Descent game features new levels,  new weapons and new robot enemies. It also comes with helpful ideas for the player like the Guide-bot, the ability to fly with afterburner or energy-to-shield converter that many times they  become a must!</desc>
    <image>./descent2/cover.png</image>
    <releasedate>19960229T000000</releasedate>
    <developer>Parallax</developer>
    <publisher>Interplay</publisher>
    <players>1-4</players>
  </game>
</gameList>
