<?xml version="1.0" encoding="utf-8"?>
<gameList>
  <game>
    <path>./Rockdodger.sh</path>
    <name>Rockdodger</name>
    <desc>Rock Dodger is a horizontal scrolling action game where you have to navigate your spaceship through a stream of rocks flying in from the right. Your only help is a laser to destroy rocks and a limited amount of shield. This game had once upon in time the 4th place in NoStarch game contest.</desc>
    <releasedate>20010101T000000</releasedate>
    <developer>Paul Holt</developer>
    <publisher>Self-Published</publisher>
    <genre>Shmup</genre>
    <image>./rockdodger/screenshot.png</image>
  </game>
</gameList>