{
    "version": 3,
    "name": "rockdodger.zip",
    "items": [
        "Rockdodger.sh",
        "rockdodger"
    ],
    "items_opt": null,
    "attr": {
        "title": "Rockdodger",
        "porter": [
            "Cebion"
        ],
        "desc": "Rock Dodger is a horizontal scrolling action game where you have to navigate your spaceship through a stream of rocks flying in from the right. Your only help is a laser to destroy rocks and a limited amount of shield. This game had once upon in time the 4th place in NoStarch game contest.",
        "desc_md": null,
        "inst": "Ready to run!",
        "inst_md": null,
        "genres": [
            "action",
            "arcade"
        ],
        "image": {},
        "rtr": true,
        "exp": false,
        "runtime": null,
        "reqs": [],
        "arch": [
            "aarch64"
        ]
    }
}