<?xml version='1.0' encoding='utf-8'?>
<gameList>
  <game>
    <path>./Return to Castle Wolfenstein.sh</path>
    <name>Return to Castle Wolfenstein</name>
    <desc>Two secret agents are captured while they are investigating Nazi Germany's occult activities in Castle Wolfenstein. Agent One is subsequently tortured to death by his interrogator, but B.J. Blazkowicz manages to escape his cell by killing the guard. 
 
Return to Castle Wolfenstein is a reboot of Wolfenstein 3D. The game puts the player in the combat boots of Blazkowicz, who will first have to escape the castle and report back to his superiors, and afterwards restart the hunt for the SS Paranormal Division.</desc>
    <image>./iortcw/cover.png</image>
    <releasedate>20011119T000000</releasedate>
    <developer>Gray Matter</developer>
    <publisher>Activision</publisher>
    <genre>Shooter / 1st person-Shooter</genre>
  </game>
</gameList>
