{
    "version": 3,
    "name": "iortcw.zip",
    "items": [
        "iortcw/",
        "Return to Castle Wolfenstein.sh"
    ],
    "items_opt": null,
    "attr": {
        "title": "Return to Castle Wolfenstein",
        "desc": "Return to Castle Wolfenstein using the iortcw project.  With porting work done by JohnnyonFlame.  Packaged by Romadu.",
        "inst": "You'll need to add your own pak0.pk3, sp_pak1.pk3, sp_pak2.pk3, and sp_pak3.pk3 to the ports/iortcw/main folder.",
        "genres": [
            "fps"
        ],
        "porter": [
            "Johnny on Flame"
        ],
        "image": {},
        "rtr": false,
        "runtime": null,
        "reqs": [],
        "arch": [
            "aarch64"
        ],
        "desc_md": null,
        "inst_md": null,
        "exp": false
    }
}