{
    "version": 3,
    "name": "wolf3d.zip",
    "items": [
        "Wolfenstein 3D.sh",
        "wolf3d"
    ],
    "items_opt": null,
    "attr": {
        "title": "Wolfenstein 3D",
        "porter": [
            "Slayer366",
            "Jeod"
        ],
        "desc": "LZ Wolf and EZ Wolf come to PortMaster! A Love2D launcher makes selecting games and mods easy. See the readme for instructions and details.\n\nIncludes shareware demo files.",
        "desc_md": null,
        "inst": "Comes with shareware files for Wolfenstein 3D and Spear of Destiny. Add your full game files to their respective folders to play.",
        "inst_md": null,
        "genres": [
            "fps"
        ],
        "image": {},
        "rtr": true,
        "exp": false,
        "runtime": null,
        "reqs": [],
        "arch": [
            "aarch64"
        ]
    }
}