{
    "version": 3,
    "name": "lierolibre.zip",
    "items": [
        "LieroLibre.sh",
        "lierolibre"
    ],
    "items_opt": null,
    "attr": {
        "title": "LieroLibre",
        "porter": [
            "JanTrueno"
        ],
        "desc": "Liero is a simple game. Pick your five weapons, and unleash your inner fury.",
        "inst": "This game is ready to run.",
        "genres": [
            "action"
        ],
        "image": {},
        "rtr": true,
        "exp": false,
        "runtime": null,
        "reqs": [],
        "arch": [
            "aarch64"
        ],
        "desc_md": null,
        "inst_md": null
    }
}