{
    "version": 3,
    "name": "supertransball2.zip",
    "items": [
        "Super Transball 2.sh",
        "supertransball2"
    ],
    "items_opt": null,
    "attr": {
        "title": "Super Transball 2",
        "porter": [
            "Cebion"
        ],
        "desc": "Super Transball 2 is a game which was inspired by ZARA THRUSTA for the Amiga 500. In each level the goal is to find the SPHERE, to capture it and to carry it to the upper part of the level. ",
        "desc_md": null,
        "inst": "Ready to run!",
        "inst_md": null,
        "genres": [
            "arcade"
        ],
        "image": {},
        "rtr": true,
        "exp": false,
        "runtime": null,
        "reqs": [],
        "arch": [
            "aarch64"
        ]
    }
}