{
    "version": 3,
    "name": "openomf.zip",
    "items": [
        "openomf/",
        "Openomf.sh"
    ],
    "items_opt": null,
    "attr": {
        "title": "OpenOMF",
        "desc": "An Open Source remake of 'One Must Fall 2097' by Diversions Entertainment.",
        "inst": "Ready to run.",
        "genres": [
            "action"
        ],
        "porter": [
            "Cebion"
        ],
        "image": {},
        "rtr": true,
        "runtime": null,
        "reqs": [],
        "arch": [
            "aarch64"
        ],
        "desc_md": null,
        "inst_md": null,
        "exp": false
    }
}