{
    "version": 3,
    "name": "bleed2.zip",
    "items": [
        "Bleed2.sh",
        "bleed2"
    ],
    "items_opt": null,
    "attr": {
        "title": "Bleed 2",
        "porter": [
            "Johnny on Flame"
        ],
        "desc": "Bleed 2 is a relentless arcade action game featuring air-dodging, bullet-reflecting, and tons of bosses. Now with randomly-generated levels and daily challenges, too!",
        "inst": "Copy the retail game's assets into 'bleed2/gamedata'.",
        "genres": [
            "action",
            "platformer"
        ],
        "image": {},
        "rtr": false,
        "runtime": "mono-6.12.0.122-aarch64.squashfs",
        "reqs": [],
        "arch": [],
        "desc_md": null,
        "inst_md": null,
        "exp": false
    }
}