{
    "version": 3,
    "name": "nfs2se.zip",
    "items": [
        "Need For Speed II SE.sh",
        "nfs2se"
    ],
    "items_opt": null,
    "attr": {
        "title": "Need For Speed II SE",
        "porter": [
            "Cebion"
        ],
        "desc": "\"Need for Speed II\" is a racing video game released in the late 1990s, featuring a variety of exotic cars and tracks from around the world, allowing players to race against computer-controlled opponents or human players in various modes, including single race and tournament.",
        "inst": "Copy FEDATA and GAMEDATA directories from the Need For Speed\u2122 II SE original CD-ROM into nfs2se directory. Folder needs to be +500 Mb.",
        "genres": [
            "racing"
        ],
        "image": {},
        "rtr": false,
        "exp": false,
        "runtime": null,
        "reqs": [],
        "arch": [
            "armhf"
        ],
        "desc_md": null,
        "inst_md": null
    }
}