<?xml version="1.0" encoding="utf-8"?>
<gameList>
  <game>
    <path>./Angband.sh</path>
    <name>Angband</name>
    <desc>Angband is a free, single-player dungeon exploration game.

You play an adventurer seeking riches, fighting monsters, and preparing for a final battle with Morgoth, the Lord of Darkness.</desc>
    <releasedate>20230819T000000</releasedate>
    <developer>Angband Development Team</developer>
    <publisher>Angband Development Team</publisher>
    <genre>RPG</genre>
    <image>./angband/cover.png</image>
  </game>
</gameList>
