{
    "version": 3,
    "name": "angband.zip",
    "items": [
        "Angband.sh",
        "angband"
    ],
    "items_opt": null,
    "attr": {
        "title": "Angband",
        "porter": [
            "Cebion",
            "Troidem"
        ],
        "desc": "Angband is a free, single-player dungeon exploration game.\nYou play an adventurer seeking riches, fighting monsters, and preparing for a final battle with Morgoth, the Lord of Darkness.",
        "inst": "Game files are already included. Controls are rather complex, make sure to read the control sheet on our website carefully.",
        "genres": [
            "rpg"
        ],
        "image": {},
        "rtr": true,
        "exp": false,
        "runtime": null,
        "reqs": [],
        "arch": [
            "aarch64"
        ],
        "desc_md": null,
        "inst_md": null
    }
}