{
    "version": 3,
    "name": "planetarian.zip",
    "items": [
        "Planetarian.sh",
        "planetarian/"
    ],
    "items_opt": null,
    "attr": {
        "title": "Planetarian",
        "porter": [
            "Jeod"
        ],
        "desc": "Planetarian is a visual novel set in a post-apocalyptic world where a lone survivor encounters a malfunctioning robot attendant named Yumemi Hoshino in an abandoned planetarium. Through their interactions, themes of hope, humanity, and the enduring power of memories are explored.",
        "inst": "Add your game assets to `ports/planetarian/gamedata`.",
        "genres": [
            "visual novel"
        ],
        "image": "screenshot.png",
        "rtr": false,
        "exp": false,
        "runtime": "rlvm.squashfs",
        "arch": [
            "aarch64"
        ],
        "reqs": [],
        "desc_md": null,
        "inst_md": null
    }
}