<?xml version="1.0" encoding="utf-8"?>
<gameList>
  <game>
    <path>./Holotz Castle.sh</path>
    <name>Holotz Castle</name>
    <desc>A great mystery is hidden beyond the walls of Holotz's Castle. Will you be able to help Ybelle and Ludar to escape alive from the castle? Test your dexterity with this tremendously exciting platform game!</desc>
    <releasedate>20030101T000000</releasedate>
    <developer>Juan Carlos Seijo Pérez</developer>
    <publisher>Self-Published</publisher>
    <genre>Platformer</genre>
    <image>./holotzcastle/screenshot.png</image>
  </game>
</gameList>