{
    "version": 3,
    "name": "block.attack.zip",
    "items": [
        "Block Attack.sh",
        "blockattack/"
    ],
    "items_opt": null,
    "attr": {
        "title": "Block Attack",
        "desc": "A Tetris Attack Clone.",
        "inst": "Ready to run.",
        "genres": [
            "puzzle"
        ],
        "porter": [
            "Cebion"
        ],
        "image": {},
        "rtr": true,
        "runtime": null,
        "reqs": [],
        "arch": [
            "aarch64",
            "armhf"
        ],
        "desc_md": null,
        "inst_md": null,
        "exp": false
    }
}