{
    "version": 3,
    "name": "armagetronad.zip",
    "items": [
        "Armagetron Advanced.sh",
        "armagetronad"
    ],
    "items_opt": null,
    "attr": {
        "title": "Armagetron Advanced",
        "porter": [
            "Cebion"
        ],
        "desc": "3D Tron-like high speed game",
        "inst": "Ready to run! Control Player 1 via DPAD and Player 2 via ABY",
        "genres": [
            "arcade"
        ],
        "image": {},
        "rtr": true,
        "exp": false,
        "runtime": null,
        "reqs": [],
        "arch": [
            "aarch64"
        ],
        "desc_md": null,
        "inst_md": null
    }
}