<?xml version="1.0" encoding="ISO-8859-1" standalone="no"?>
<!DOCTYPE Resource SYSTEM "AATeam/map-0.2.8.0_rc4.dtd">
<Resource type="aamap" name="repeat" version="0.3.2" author="Your_mom" category="clever">
	<Map version="2">
		<World>
			<Field>
				<Axes number="4"/>

				<Spawn x="255" y="50" xdir="0" ydir="1" />
				<Spawn x="245" y="450" xdir="0" ydir="-1" />
				<Spawn x="50" y="245" xdir="1" ydir="0" />
				<Spawn x="450" y="255" xdir="-1" ydir="0" />

				<Spawn x="305" y="100" xdir="0" ydir="1" />
				<Spawn x="195" y="400" xdir="0" ydir="-1" />
				<Spawn x="100" y="195" xdir="1" ydir="0" />
				<Spawn x="400" y="305" xdir="-1" ydir="0" />

				<Spawn x="205" y="100" xdir="0" ydir="1" />
				<Spawn x="295" y="400" xdir="0" ydir="-1" />
				<Spawn x="100" y="295" xdir="1" ydir="0" />
				<Spawn x="400" y="205" xdir="-1" ydir="0" />

				<Wall>
					<Point x="0" y="0" />
					<Point x="700" y="0" />
					<Point x="700" y="700" />
					<Point x="0" y="700" />
					<Point x="0" y="0" />
				</Wall>
				<Wall>
					<Point x="100" y="300" />
					<Point x="100" y="100" />
					<Point x="300" y="100" />
				</Wall>
				<Wall>
					<Point x="100" y="400" />
					<Point x="100" y="600" />
					<Point x="300" y="600" />
				</Wall>
				<Wall>
					<Point x="400" y="600" />
					<Point x="600" y="600" />
					<Point x="600" y="400" />
				</Wall>
				<Wall>
					<Point x="400" y="100" />
					<Point x="600" y="100" />
					<Point x="600" y="300" />
				</Wall>
				<Wall>
					<Point x="200" y="300" />
					<Point x="200" y="200" />
					<Point x="300" y="200" />
				</Wall>
				<Wall>
					<Point x="200" y="400" />
					<Point x="200" y="500" />
					<Point x="300" y="500" />
				</Wall>
				<Wall>
					<Point x="500" y="400" />
					<Point x="500" y="500" />
					<Point x="400" y="500" />
				</Wall>
				<Wall>
					<Point x="500" y="300" />
					<Point x="500" y="200" />
					<Point x="400" y="200" />
				</Wall>
			</Field>
		</World>
	</Map>
</Resource>

