{
    "version": 3,
    "name": "freesiege.zip",
    "items": [
        "FreeSiege.sh",
        "freesiege"
    ],
    "items_opt": null,
    "attr": {
        "title": "FreeSiege",
        "porter": [
            "Cebion"
        ],
        "desc": "An intense tetris-like wargame",
        "desc_md": null,
        "inst": "Ready to run!",
        "inst_md": "For instructions how to play visit: https://freesiege.sourceforge.net/\n",
        "genres": [
            "puzzle"
        ],
        "image": {},
        "rtr": true,
        "exp": false,
        "runtime": null,
        "reqs": [],
        "arch": [
            "aarch64"
        ]
    }
}