{
  "Version": 3,
  "DefaultGun": {
    "Pic": "blaster",
    "Icon": "peashooter",
    "Name": "",
    "Bullet": "",
    "Cost": 0,
    "Lock": 0,
    "ReloadLead": 0,
    "Sound": "bang",
    "ReloadSound": "",
    "SwitchSound": "switch",
    "SoundLockLength": 0,
    "Recoil": 0,
    "SpreadCount": 1,
    "SpreadWidth": 0,
    "MuzzleHeight": 10,
    "MuzzleFlashParticle": "muzzle_flash_default",
    "Brass": "",
    "CanShoot": true,
    "CanDrop": true
  },
  "Guns": [
    {
      "Index": 0,
      "Pic": "knife",
      "Icon": "knife",
      "Name": "Knife",
      "Description": "A melee weapon. This weapon is used automatically. Simply walk into and an enemy to slash and cause damage. You will also damage objects when you walk into them, unless they are explosives. Using the attack key just makes you hold your position.\n\nDamage: 2\nAttack rate: 420 slashes/minute\nCost: 0",
      "Bullet": "knife",
      "Cost": 0,
      "Sound": "",
      "SwitchSound": "knife_switch",
      "SoundLockLength": 10,
      "CanShoot": false
    },
    {
      "Pic": "",
      "Icon": "fist",
      "Name": "Fists",
      "Description": "A melee weapon of last resort",
      "Bullet": "fist",
      "Cost": 0,
      "Lock": 30,
      "Sound": "",
      "SwitchSound": "knuckles",
      "CanShoot": false,
      "CanDrop": false
    },
    {
      "Index": 1,
      "Name": "Machine gun",
      "Icon": "machine_gun",
      "Description": "A rapidly firing bullet hose. Its bullets have a medium range, and the gun has a slight spread.\n\nDamage: 10\nRate of fire: 700 round/min\nLifespan: 0.85s\nSpeed: 768\nCost: 1",
      "Bullet": "mg",
      "Cost": 1,
      "Lock": 6,
      "Sound": "mg",
      "SwitchSound": "mg_switch",
      "Recoil": 0.17,
      "MuzzleFlashParticle": "muzzle_flash_mg",
      "Brass": "brass_big",
      "Ammo": "Bullets"
    },
    {
      "Index": 2,
      "Pic": "",
      "IsGrenade": true,
      "Name": "Grenades",
      "Description": "Throw timed grenades which will bounce off the ground, walls and enemies. Each grenade causes a big explosion after the end of its lifespan. It is very damaging to anyone caught by it - including the thrower! Grenades are quite expensive, so use sparingly if you aim for a high score.\n\nDamage: Large explosion\nRate of fire: 140 round/min\nRange: Medium\nLifespan: 1.42s\nSpeed: 384\nCost: 20",
      "Bullet": "grenade",
      "Cost": 20,
      "Lock": 30,
      "Sound": "launch",
      "SwitchSound": "grenade_pickup",
      "Elevation": 24,
      "Ammo": "Grenades"
    },
    {
      "Index": 3,
      "Name": "Flamer",
      "Icon": "flamer",
      "Description": "This short-range tactical flamethrower releases flames which burn enemies, causing high damage. The flames can also be reflected by walls. The flamer can be a deadly weapon when used by a skilled close quarters fighter.\n\nDamage: 12\nRate of fire: 700 round/min\nLifespan: 0.42s\nSpeed: 1024\nCost: 1",
      "Bullet": "flame",
      "Cost": 1,
      "Lock": 6,
      "Sound": "flamer",
      "SwitchSound": "flamer_switch",
      "SoundLockLength": 36,
      "MuzzleFlashParticle": "muzzle_flash_flamer",
      "Ammo": "Gas tank"
    },
    {
      "Index": 4,
      "Name": "Shotgun",
      "Icon": "shotgun",
      "Description": "The shotgun is slow and only has a short range, but it fires 5 bullets per shot in a large spread. The shotgun is most effective in close quarters combat but difficult to use in long range.\n\nDamage: 15 per bullet (max. 75)\nRate of fire: 84 round/min\nLifespan: 0.71s\nSpeed: 640\nCost: 5",
      "Bullet": "shotgun",
      "Cost": 5,
      "Lock": 50,
      "ReloadLead": 10,
      "Sound": "shotgun",
      "ReloadSound": "shotgun_r",
      "SwitchSound": "shotgun_r",
      "SpreadCount": 5,
      "SpreadWidth": 0.2,
      "MuzzleFlashParticle": "muzzle_flash_shotgun",
      "Brass": "shotshell",
      "Ammo": "Shells"
    },
    {
      "Index": 5,
      "Name": "Powergun",
      "Icon": "powergun",
      "Description": "This futuristic gun fires very fast and long range energy lasers. The powergun always fires in a perfectly straight line.\n\nDamage: 20\nRate of fire: 210 round/min\nLifespan: 1.28s\nSpeed: 768\nCost: 2",
      "Bullet": "laser",
      "Cost": 2,
      "Lock": 20,
      "Sound": "fusion",
      "SwitchSound": "powergun_switch",
      "MuzzleFlashParticle": "muzzle_flash_powergun",
      "Ammo": "Cells"
    },
    {
      "Index": 6,
      "Pic": "",
      "IsGrenade": true,
      "Name": "Shrapnel bombs",
      "Description": "A throwable timed weapon which bounces around for a while. When its lifespan is over, the shrapnel bomb will release 16 dangerous bullets in a circle pattern.\n\nDamage: 40 per bullet (max. 640)\nRate of fire: 140 round/min\nRange of bomb: Medium\nLifespan of bomb: 1.42s\nSpeed of bomb: 384\nCost: 20",
      "Bullet": "shrapnelbomb",
      "Cost": 20,
      "Lock": 30,
      "Sound": "launch",
      "SwitchSound": "grenade_pickup",
      "Elevation": 24,
      "Ammo": "Frag grenades"
    },
    {
      "Index": 7,
      "Pic": "",
      "IsGrenade": true,
      "Name": "Molotovs",
      "Description": "A throwable weapon which will burst into fire when it hits the ground, at wall or an enemy. The flames are very hot, so use the molotovs with care!\n\nDamage: Fire\nRate of fire: 140 round/min\nRange: Short\nSpeed: 384\nCost: 20",
      "Bullet": "molotov",
      "Cost": 20,
      "Lock": 30,
      "Sound": "launch",
      "SwitchSound": "molotov_pickup",
      "Elevation": 24,
      "Ammo": "Molotovs"
    },
    {
      "Index": 8,
      "Name": "Sniper rifle",
      "Icon": "sniper",
      "Description": "A tactical weapon which fires a strong long-range projectile which makes 50 damage on a hit. Its reload time is rather long. The sniper rifle always fires in a perfecly straight line.\n\nDamage: 50\nRate of fire: 42 round/min\nLifespan: 0.42s\nSpeed: 1024\nCost: 5",
      "Bullet": "sniper",
      "Cost": 5,
      "Lock": 100,
      "ReloadLead": 15,
      "Sound": "powergun",
      "ReloadSound": "powergun_r",
      "SwitchSound": "powergun_r",
      "MuzzleFlashSprite": "muzzle_flash_big",
      "MuzzleFlashColor": "00ffff",
      "MuzzleFlashDuration": 10,
      "Ammo": "Cells",
      "Shake": {
        "Amount": 10,
        "CameraSubjectOnly": true
      }
    },
    {
      "Index": 9,
      "Pic": "",
      "IsGrenade": true,
      "Name": "Prox. mine",
      "Description": "Proximity mine. You will place a mine on the ground which will become active after 2 seconds. When the mine is active, it will explode as soon as any player (including the placer) is careless enough to walk in proximity to it. So don't wait for too long after you placed a mine.\n\nDamage: Large explosion\nRate of fire: 42 round/min\nCost: 10",
      "Bullet": "proxmine",
      "Cost": 10,
      "Lock": 100,
      "ReloadLead": 15,
      "Sound": "hahaha",
      "ReloadSound": "package_r",
      "SwitchSound": "mine_switch",
      "MuzzleHeight": 0,
      "Ammo": "Mines"
    },
    {
      "Index": 10,
      "Pic": "",
      "IsGrenade": true,
      "Name": "Dynamite",
      "Description": "You will light and place a stick of dynamite on the ground, which will burst in a large explosion after 3 seconds.\n\nDamage: Large explosion\nRate of fire: 42 round/min\nLifespan: 3.00s\nCost: 7",
      "Bullet": "dynamite",
      "Cost": 7,
      "Lock": 100,
      "ReloadLead": 15,
      "Sound": "hahaha",
      "ReloadSound": "package_r",
      "SwitchSound": "package_r",
      "MuzzleHeight": 0,
      "Ammo": "Dynamite"
    },
    {
      "Index": 11,
      "Pic": "",
      "IsGrenade": true,
      "Name": "Chemo bombs",
      "Description": "A bouncing grenade that bursts into a cloud of poison gas. Poisoned players lose health constantly for a while.\n\nDamage: Poison\nRate of fire: 140 round/min\nRange: Medium\nLifespan: 1.42s\nSpeed: 384\nCost: 7",
      "Bullet": "gasbomb",
      "Cost": 7,
      "Lock": 30,
      "Sound": "launch",
      "SwitchSound": "grenade_pickup",
      "Elevation": 24,
      "Ammo": "Gas bombs"
    },
    {
      "Index": 12,
      "Name": "Petrify gun",
      "Icon": "petrifier",
      "Description": "This gun fires projectiles that turn enemies into stone for short time, making them unable to walk and shoot. This gun has no spread.\n\nDamage: 0\nRate of fire: 42 round/min\nLifespan: 0.64s\nSpeed: 768\nCost: 10",
      "Bullet": "petrifier",
      "Cost": 10,
      "Lock": 100,
      "ReloadLead": 15,
      "Sound": "powergun",
      "ReloadSound": "powergun_r",
      "SwitchSound": "powergun_r",
      "MuzzleFlashParticle": "muzzle_flash_petrifier",
      "Ammo": "Cells"
    },
    {
      "Index": 13,
      "Name": "Browny gun",
      "Icon": "browny_gun",
      "Description": "A weapon of alien origins. As soon as you pull the trigger, a projectile will be released which will take a completely unpredictable path. Hitting something with this strange gun is largely luck-based. It is more likely to hit something when the browny gun is used in close quarters combat.\n\nDamage: 15\nRate of fire: 140 round/min\nLifespan: 0.64s\nSpeed: 768\nCost: 5",
      "Bullet": "rapid",
      "Cost": 5,
      "Lock": 30,
      "Sound": "fusion",
      "SwitchSound": "powergun_r",
      "MuzzleFlashParticle": "muzzle_flash_browny",
      "Ammo": "Cells"
    },
    {
      "Index": 14,
      "Pic": "",
      "IsGrenade": true,
      "Name": "Confusion bombs",
      "Description": "A throwable weapon which bounces and bursts in a cloud of confusion gas after its lifespan. Players affected by confusion gas walk in the opposite direction they intended to and the effect wears off after a while.\n\nDamage: 0\nRate of fire: 140 round/min\nRange: Medium\nLifespan: 1.42s\nSpeed: 384\nCost: 10",
      "Bullet": "confusebomb",
      "Cost": 10,
      "Lock": 30,
      "Sound": "launch",
      "SwitchSound": "grenade_pickup",
      "Elevation": 24,
      "Ammo": "Confusion bombs"
    },
    {
      "Index": 15,
      "Name": "Chemo gun",
      "Icon": "chemo_gun",
      "Description": "This weapon releases a short line of poison gas clouds. Players which walk into poison clouds will be poisoned and start to constantly health for a short time.\n\nDamage: Poison\nRate of fire: 700 round/min\nLifespan: 0.5s\nSpeed: 384\nCost: 1",
      "Bullet": "gas",
      "Cost": 1,
      "Lock": 6,
      "Sound": "flamer",
      "SwitchSound": "flamer_switch",
      "SoundLockLength": 36,
      "MuzzleFlashParticle": "muzzle_flash_gasgun",
      "Ammo": "Gas tank"
    },
    {
      "Index": 16,
      "Name": "Pulse rifle",
      "Icon": "pulse_rifle",
      "Description": "The pulse rifle fires pulse balls with a stunningly high rate of fire, but in a rather short range and also with a large spread.\n\nDamage: 6\nRate of fire: 1050 round/min\nLifespan: 0.35s\nSpeed: 1280\nCost: 1",
      "Bullet": "pulse",
      "Cost": 1,
      "Lock": 4,
      "Sound": "pulse",
      "SwitchSound": "pulse_switch",
      "Recoil": 0.37,
      "MuzzleFlashParticle": "muzzle_flash_pulse",
      "Ammo": "Mini cells"
    },
    {
      "Index": 17,
      "Name": "Heatseeker",
      "Icon": "heatseeker",
      "Description": "This is a rocket launcher which fires a slow heat-seeking rocket which will follow nearby enemies. The rocket can't make turns very quickly and may easily miss a target, so you still have to aim.\n\nDamage: 20\nRate of fire: 140 round/min\nLifespan: 0.85s\nSpeed: 512\nCost: 7",
      "Bullet": "heatseeker",
      "Cost": 7,
      "Lock": 30,
      "Sound": "swell",
      "SwitchSound": "heatseeker_switch",
      "MuzzleFlashParticle": "muzzle_flash_heatseeker",
      "Ammo": "Rockets"
    },
    {
      "Name": "Swarmer",
      "Icon": "swarmer_gun",
      "Description": "The swarmer fires four fast heat-seeking rockets in one shot. They will follow enemies and cause direct damage on impact. The rockets are able to turn around quickly which may make it easier to hit targets.\n\nDamage: 12 per rocket (max. 48)\nRate of fire: 70 round/min\nLifespan: 1.00s\nSpeed: 700\nCost: 15",
      "Bullet": "swarmer",
      "Cost": 15,
      "Lock": 60,
      "Recoil": 0.2,
      "SpreadCount": 4,
      "SpreadWidth": 0.4,
      "Sound": "swarmer",
      "SwitchSound": "swarmer_switch",
      "MuzzleFlashParticle": "muzzle_flash_heatseeker",
      "Ammo": "Rockets"
    },
    {
      "Name": "Launcher",
      "Icon": "launcher",
      "Description": "A rocket launcher. It fires a single rocket which is slow at the beginning but it will accellerate rapidly. The rocket causes a small but highly damaging explosion on impact.\n\nDamage: Small explosion\nRate of fire: 60 round/min\nLifespan: 1.71s\nInitial speed: 120 (rocket will accellerate)\nCost: 15",
      "Bullet": "rocket",
      "Cost": 15,
      "Lock": 70,
      "Sound": "rocket_launch",
      "SwitchSound": "launcher_switch",
      "MuzzleFlashParticle": "muzzle_flash_shotgun",
      "Ammo": "Rockets",
      "Shake": {
        "Amount": 8,
        "CameraSubjectOnly": true
      }
    },
    {
      "Name": "Pistol",
      "Icon": "pistol",
      "Description": "A short range, medium rate of fire weapon, the pistol has fast moving bullets for hit-and-run tactics.\nIts 0-cost-per-shot makes this a versatile yet economical weapon, great for picking off lone targets.\n\nDamage: 12\nRate of fire: 232 round/min\nLifespan: 0.38s\nSpeed: 1100\nCost: 0",
      "Bullet": "9mm",
      "Cost": 0,
      "Lock": 18,
      "Sound": "pistol",
      "SwitchSound": "pistol_switch",
      "Recoil": 0.1,
      "Brass": "brass"
    },
    {
      "Name": "Akimbo Pistols",
      "Icon": "akimbo_pistols",
      "Bullet": "9mm",
      "Cost": 1,
      "Lock": 18,
      "Sound": "pistol",
      "SwitchSound": "pistol_switch",
      "Recoil": 0.15,
      "Brass": "brass",
      "Barrel": {
        "Count": 2,
        "Lock": 9
      }
    }
  ],
  "PseudoGuns" : [
    {
      "Pic": "",
      "Name": "fire_explosion",
      "Bullet": "molotov_flame",
      "Recoil": 6.28,
      "SpreadCount": 16,
      "ElevationLow": 22,
      "ElevationHigh": 30
    },
    {
      "Pic": "",
      "Name": "gas_poison_explosion",
      "Bullet": "gas_cloud_poison",
      "Recoil": 6.28,
      "SpreadCount": 8,
      "Sound": "gas_leak"
    },
    {
      "Pic": "",
      "Name": "gas_confuse_explosion",
      "Bullet": "gas_cloud_confuse",
      "Recoil": 6.28,
      "SpreadCount": 8,
      "Sound": "gas_leak"
    },
    {
      "Pic": "",
      "Name": "explosion1",
      "Bullet": "fireball1",
      "Sound": "explosion",
      "SpreadCount": 8,
      "SpreadWidth": 0.79,
      "AngleOffset": 0.39,
      "Shake": {
        "Amount": 15
      }
    },
    {
      "Pic": "",
      "Name": "explosion2",
      "Bullet": "fireball2",
      "Sound": "",
      "SpreadCount": 8,
      "SpreadWidth": 0.79,
      "ElevationLow": 15,
      "ElevationHigh": 17
    },
    {
      "Pic": "",
      "Name": "explosion3",
      "Bullet": "fireball3",
      "Sound": "",
      "SpreadCount": 8,
      "SpreadWidth": 0.79,
      "AngleOffset": 0.39,
      "Elevation": 21
    },
    {
      "Pic": "",
      "Name": "frag_explosion",
      "Bullet": "frag",
      "SpreadCount": 16,
      "SpreadWidth": 0.39,
      "AngleOffset": 0.2,
      "Shake": {
        "Amount": 10
      }
    },
    {
      "Pic": "",
      "Name": "activemine",
      "Bullet": "activemine",
      "Sound": "mine_arm"
    },
    {
      "Pic": "",
      "Name": "triggeredmine",
      "Bullet": "triggeredmine",
      "Sound": "mine_trigger"
    },
    {
      "Pic": "",
      "Name": "explosion_small",
      "Bullet": "explosion_small",
      "Sound": "explosion_small"
    },
    {
      "Pic": "big_quake",
      "Name": "big_quake",
      "Sound": "",
      "Shake": {
        "Amount": 22
      }
    }
  ]
}
