<?xml version='1.0' encoding='utf-8'?>
<gameList>
  <game>
    <path>./VVVVVV.sh</path>
    <name>VVVVVV</name>
    <desc>VVVVVV is a 2010 puzzle-platform game created by Terry Cavanagh. In the game, the player controls Captain Viridian, who must rescue their spacecrew after a teleporter malfunction caused them to be separated in Dimension VVVVVV.</desc>
    <image>./VVVVVV/cover.png</image>
    <releasedate>20101101T000000</releasedate>
    <developer>Terry Cavanagh</developer>
    <publisher>Terry Cavanagh</publisher>
    <genre>Platform</genre>
  </game>
</gameList>
