{
    "version": 3,
    "name": "vvvvvv.zip",
    "items": [
        "VVVVVV/",
        "VVVVVV.sh"
    ],
    "items_opt": null,
    "attr": {
        "title": "VVVVVV",
        "desc": "VVVVVV is a 2010 puzzle-platform game created by Terry Cavanagh.  ",
        "inst": "The free Make and Play Edition data.zip file is already included.  You can also add your own purchased copy of the data.zip from your VVVVVV into the ports/VVVVVV folder if you prefer that version instead.",
        "genres": [
            "platformer"
        ],
        "porter": [
            "Christian_Haitian"
        ],
        "image": {},
        "rtr": true,
        "runtime": null,
        "reqs": [],
        "arch": [
            "aarch64"
        ],
        "desc_md": null,
        "inst_md": null,
        "exp": false
    }
}