{
  "Version": 2,
  "Order": [
    ["gun_r", "gun_l", "legs", "body", "head", "hair"],
    ["gun_r", "gun_l", "legs", "body", "head", "hair"],
    ["legs", "body", "head", "hair", "gun_r", "gun_l"],
    ["legs", "body", "head", "hair", "gun_r", "gun_l"],
    ["legs", "body", "head", "hair", "gun_r", "gun_l"],
    ["legs", "body", "head", "hair", "gun_r", "gun_l"],
    ["legs", "gun_r", "gun_l", "body", "head", "hair"],
    ["gun_r", "gun_l", "legs", "body", "head", "hair"]
  ],
  "Offsets": {
    "Frame": {
      "Hair": {
        "stand": [[0, 8]],
        "idle": [[0, 8]],
        "run": [
          [0, 8], [0, 7], [0, 7], [0, 8], [0, 8], [0, 9], [0, 9], [0, 8]
        ]
      },
      "Head": {
        "stand": [[0, 8]],
        "idle": [[0, 8]],
        "run": [
          [0, 8], [0, 7], [0, 7], [0, 8], [0, 8], [0, 9], [0, 9], [0, 8]
        ]
      },
      "Body": {
        "stand": [[0, 6]],
        "idle": [[0, 6]]
      },
      "Legs": {
        "stand": [[0, 6]],
        "idle": [[0, 6]]
      },
      "Gun": {
        "stand": [[0, 6]],
        "idle": [[0, 6]],
        "run": [[0, 7], [0, 6], [0, 5], [0, 6], [0, 7], [0, 6], [0, 5], [0, 6]]
      }
    },
    "Dir": {
      "Hair": [
        [0, -3], [4, -3], [6, 0], [6, 4], [0, 6], [-6, 4], [-7, 0], [-5, -3]
      ],
      "Head": [
        [0, -3], [4, -3], [6, 0], [6, 4], [0, 6], [-6, 4], [-7, 0], [-5, -3]
      ],
      "Gun": [
        [7, -2], [6, 0], [4, 2], [-1, 4], [-6, 2], [-6, -1], [-3, -3], [0, -3]
      ]
    }
  }
}
