<?xml version='1.0' encoding='utf-8'?>
<gameList>
  <game>
    <path>./Marathon 2.sh</path>
    <name>Marathon 2: Durandal</name>
    <desc>Marathon 2: Durandal is a first-person shooter video game, part of the science fiction Marathon Trilogy by Bungie. It was released on November 24, 1995. The game is mostly set on the fictional planet of Lh'owon, homeworld of the S'pht, and once again the player takes the role of a shipboard security officer from the Marathon. This is the only game in the series to be officially released for Windows and Xbox 360 XBLA in addition to the Mac. The unofficial Aleph One community enhancement, built on engine source opened by Bungie in 1999, allows the game to be played on many other platforms. The entire game including assets were released for free to the public by Bungie in 2005, now commonly bundled for distribution with Aleph One.</desc>
    <releasedate>19951124T000000</releasedate>
    <developer>Bungie</developer>
    <publisher>Bandai</publisher>
    <image>./alephone-marathon2/cover.png</image>
  </game>
</gameList>
