{
    "version": 3,
    "name": "alephone-marathon2.zip",
    "items": [
        "alephone-marathon2/",
        "Marathon 2.sh"
    ],
    "items_opt": null,
    "attr": {
        "title": "Aleph-One Marathon 2",
        "desc": "An open source version of Bungie's Marathon 2 first person shooter.",
        "inst": "All files have been included.",
        "genres": [
            "fps"
        ],
        "porter": [
            "romadu"
        ],
        "image": {},
        "rtr": true,
        "runtime": null,
        "reqs": [],
        "arch": [
            "aarch64"
        ],
        "desc_md": null,
        "inst_md": null,
        "exp": false
    }
}