<?xml version="1.0" encoding="utf-8"?>
<gamelist>
    <game>
        <path>./Clannad Tomoyo After.sh</path>
        <name>Clannad: Tomoyo After</name>
        <desc>Tomoyo After continues the story of Tomoyo Sakagami after the events of "Clannad," focusing on her relationship with Tomoya Okazaki and the challenges they face together. It explores themes of love, loss, and redemption against a backdrop of personal growth and emotional healing.</desc>
        <image>./tomoyo_after/cover.png</image>
		<releasedate>20051125</releasedate>
		<developer>Key</developer>
		<publisher>VisualArts</publisher>
    </game>
</gamelist