{
    "version": 3,
    "name": "tomoyo_after.zip",
    "items": [
        "Clannad Tomoyo After.sh.sh",
        "tomoyo_after/"
    ],
    "items_opt": null,
    "attr": {
        "title": "Clannad: Tomoyo After - It's A Wonderful Life",
        "porter": [
            "Jeod"
        ],
        "desc": "Tomoyo After continues the story of Tomoyo Sakagami after the events of Clannad, focusing on her relationship with Tomoya Okazaki and the challenges they face together. It explores themes of love, loss, and redemption against a backdrop of personal growth and emotional healing.",
        "inst": "Add your game assets to `ports/tomoyo_after/gamedata`.",
        "genres": [
            "visual novel"
        ],
        "image": "screenshot.png",
        "rtr": false,
        "exp": false,
        "runtime": "rlvm.squashfs",
        "arch": [
            "aarch64"
        ],
        "reqs": [],
        "desc_md": null,
        "inst_md": null
    }
}