<?xml version='1.0' encoding='utf-8'?>
<gameList>
  <game>
    <path>./Bleed.sh</path>
    <name>Bleed</name>
    <desc>Wryn is a girl with a big arsenal and big dreams -- she wants to be the ultimate videogame hero! Help her take down the Greatest Heroes of All Time in an action-packed bid to claim the title for herself and show the world what a true hero looks like! 
Bleed is an action-platformer focused on stylish, acrobatic dodging and fluid, challenging gameplay. There's no filler -- just you and your skills against seven levels of enemies, obstacles, breakneck set-pieces and inventive bosses!</desc>
    <image>./bleed/cover.png</image>
    <releasedate>20130703T000000</releasedate>
    <developer>BOOTDISK REVOLUTION</developer>
    <publisher>BOOTDISK REVOLUTION</publisher>
    <genre>Platform / Shooter Scrolling-Platform</genre>
    <players>2</players>
  </game>
</gameList>
