{
    "version": 3,
    "name": "quake3.zip",
    "items": [
        "Quake 3.sh",
        "quake3/"
    ],
    "items_opt": null,
    "attr": {
        "title": "Quake 3",
        "desc": "Quake III Arena is a 1999 multiplayer-focused first-person shooter developed by id Software.",
        "inst": "You need to add your own full game pak files and product key to the ports/quake3/baseq3 folder.",
        "genres": [
            "fps"
        ],
        "porter": [
            "brooksytech"
        ],
        "image": {},
        "rtr": false,
        "runtime": null,
        "reqs": [],
        "arch": [
            "aarch64"
        ],
        "desc_md": null,
        "inst_md": null,
        "exp": false
    }
}