{
    "version": 3,
    "name": "fheroes2.zip",
    "items": [
        "Fheroes2.sh",
        "fheroes2"
    ],
    "items_opt": null,
    "attr": {
        "title": "Fheroes 2",
        "porter": [
            "romadu",
            "ddrsoul"
        ],
        "desc": "fheroes2 is a recreation of the Heroes of Might and Magic II game engine",
        "desc_md": null,
        "inst": "Add your own data, maps, music, sound folders from HOMM2 GOG version to ports/fheroes2 folder. Folder names are case sensitive and should be lower case. Files inside folders should not be renamed.",
        "inst_md": null,
        "genres": [
            "strategy"
        ],
        "image": {},
        "rtr": false,
        "exp": false,
        "runtime": null,
        "reqs": [],
        "arch": [
            "aarch64"
        ]
    }
}