{
    "version": 3,
    "name": "hocoslamfy.zip",
    "items": [
        "Hocoslamfy.sh",
        "hocoslamfy/"
    ],
    "items_opt": null,
    "attr": {
        "title": "Hocoslamfy",
        "desc": "You are a small bee and you must fly to avoid the bamboo shoots.",
        "inst": "Hocoslamfy files are already included and ready to go.",
        "genres": [
            "platformer"
        ],
        "porter": [
            "Cebion"
        ],
        "image": {},
        "rtr": true,
        "runtime": null,
        "reqs": [],
        "arch": [
            "aarch64"
        ],
        "desc_md": null,
        "inst_md": null,
        "exp": false
    }
}