{
    "version": 3,
    "name": "shovel.knight.zip",
    "items": [
        "Shovel Knight.sh",
        "shovelknight/"
    ],
    "items_opt": null,
    "attr": {
        "title": "Shovel Knight Treasure Trove",
        "desc": "Shovel Knight Treasure Trove loader.",
        "inst": "You must have a copy of Shovel Knight Treasure Trove for Linux copied to the ports/shovelknight/gamedata folder. ",
        "genres": [
            "action",
            "adventure"
        ],
        "porter": [
            "Johnny on Flame"
        ],
        "image": {},
        "rtr": false,
        "runtime": null,
        "reqs": [],
        "arch": [
            "armhf"
        ],
        "desc_md": null,
        "inst_md": null,
        "exp": false
    }
}