{
    "version": 3,
    "name": "kanon.zip",
    "items": [
        "Kanon.sh",
        "kanon/"
    ],
    "items_opt": null,
    "attr": {
        "title": "Kanon",
        "porter": [
            "Jeod",
            "kloptops"
        ],
        "desc": "Kanon is a visual novel that follows Yuichi Aizawa's return to a town where he reconnects with childhood friends and encounters new ones, each with hidden pasts and supernatural ties. As Yuichi unravels their stories, themes of love, forgiveness, and second chances intertwine in this emotionally charged narrative.",
        "inst": "Add your game assets to `ports/kanon/gamedata`.",
        "genres": [
            "visual novel"
        ],
        "image": "screenshot.png",
        "rtr": false,
        "exp": false,
        "runtime": "rlvm.squashfs",
        "arch": [
            "aarch64"
        ],
        "reqs": [
            "4:3"
        ],
        "desc_md": null,
        "inst_md": null
    }
}