<?xml version="1.0" encoding="utf-8"?>
<gameList>
  <game>
    <path>./Grafx2.sh</path>
    <name>Grafx2</name>
    <desc>GrafX2 is a bitmap paint program inspired by the Amiga programs ​Deluxe Paint and Brilliance. Specialized in 256-color drawing, it includes a very large number of tools and effects that make it particularly suitable for pixel art, game graphics, and generally any detailed graphics painted with a mouse.</desc>
    <releasedate>19960101T000000</releasedate>
    <developer>Grafx2 Team</developer>
    <publisher>Grafx2 Team</publisher>
    <genre>Tool</genre>
    <image>./grafx2/screenshot.png</image>
  </game>
</gameList>