{
    "version": 3,
    "name": "grafx2.zip",
    "items": [
        "Grafx2.sh",
        "grafx2"
    ],
    "items_opt": null,
    "attr": {
        "title": "Grafx2",
        "porter": [
            "Cebion"
        ],
        "desc": "GrafX2 is a bitmap paint program inspired by the Amiga programs \u200bDeluxe Paint and Brilliance. Specialized in 256-color drawing, it includes a very large number of tools and effects that make it particularly suitable for pixel art, game graphics, and generally any detailed graphics painted with a mouse.",
        "desc_md": null,
        "inst": "Ready for painting!",
        "inst_md": null,
        "genres": [
            "other"
        ],
        "image": {},
        "rtr": true,
        "exp": false,
        "runtime": null,
        "reqs": [],
        "arch": [
            "aarch64"
        ]
    }
}