<?xml version='1.0' encoding='utf-8'?>
<gameList>
  <game>
    <path>./Alien vs Predator.sh</path>
    <name>Aliens vs Predator</name>
    <desc>There are three campaigns in the game, one for each race/faction (the Colonial Marines, the Aliens, and the Predators), that, while separate in terms of individual plot and gameplay, form one overarching storyline. Following the storyline of the campaign modes comes the multiplayer aspect of the game. In this Multiplayer section of the game, players face off in various game types in various ways.</desc>
    <image>./avp/cover.png</image>
    <releasedate>20100216T000000</releasedate>
    <developer>Rebellion Developments</developer>
    <publisher>Sega</publisher>
  </game>
</gameList>
