{
    "version": 3,
    "name": "duke3dawo.zip",
    "items": [
        "Duke3D - Alien World Order.sh",
        "duke3dawo"
    ],
    "items_opt": null,
    "attr": {
        "title": "Duke Nukem 3D - Alien World Order",
        "porter": [
            "Slayer366"
        ],
        "desc": "Duke Nukem 3D - Alien World Order is the fifth episode of Duke Nukem 3D. The fifth episode was added to the game as part of the 20th Anniversary Edition and contains eight levels, including one secret level. Levels in this episode are based in cities from around the world, including Amsterdam, Moscow, London, Giza, Paris, San Francisco, Hollywood, and Rome. The final boss is the Cycloid Incinerator.",
        "inst": "Obtain game files from your Steam copy of Alien World Tour.  See '/duke3dawo/Place Duke3D AWT files here'  for instructions to place your Alien World Tour contents into the duke3dawo directory.",
        "genres": [
            "action",
            "fps"
        ],
        "image": {},
        "rtr": false,
        "exp": false,
        "runtime": null,
        "reqs": [],
        "arch": [
            "aarch64"
        ],
        "desc_md": null,
        "inst_md": null
    }
}