<?xml version="1.0" encoding="utf-8"?>
<gameList>
  <game>
    <path>./Blossom Tales II.sh</path>
    <name>Blossom Tales II</name>
    <desc>Grandpa's latest tale takes you on a journey through haunted forests, pirate shores, and other mysterious lands across a vast open-world! Charming towns, terrible enemies, tricky puzzles, and powerful weapons await you.

Will you help Lily defeat the Minotaur King and save her brother?</desc>
    <releasedate>20220816T000000</releasedate>
    <developer>Castle Pixel</developer>
    <publisher>Playtonic Friends</publisher>
    <genre>Adventure</genre>
    <image>./blossomtales2/screenshot.jpg</image>
  </game>
</gameList>