{
    "version": 3,
    "name": "blossomtales2.zip",
    "items": [
        "Blossom Tales II.sh",
        "blossomtales2"
    ],
    "items_opt": null,
    "attr": {
        "title": "Blossom Tales II",
        "porter": [
            "JanTrueno"
        ],
        "desc": "The Minotaur King has returned...and it's all your fault! Lily's back for a new \"classic\" action-adventure set hundreds of years after The Sleeping King!\n\nGrandpa's latest tale takes you on a journey through haunted forests, pirate shores, and other mysterious lands across a vast open-world! Charming towns, terrible enemies, tricky puzzles, and powerful weapons await you.\n\nWill you help Lily defeat the Minotaur King and save her brother?\n",
        "inst": "Drop all the assets from the game inside of the gamedata folder. Windows and Linux versions both work!",
        "genres": [
            "adventure"
        ],
        "image": {},
        "rtr": false,
        "exp": false,
        "runtime": "mono-6.12.0.122-aarch64.squashfs",
        "reqs": [
            "!lowres",
            "power"
        ],
        "arch": [],
        "desc_md": null,
        "inst_md": null
    }
}