{
    "version": 3,
    "name": "panzerpaladin.zip",
    "items": [
        "PanzerPaladin.sh",
        "panzerpaladin"
    ],
    "items_opt": null,
    "attr": {
        "title": "Panzer Paladin",
        "porter": [
            "Johnny on Flame"
        ],
        "desc": "The sinister Ravenous and his legions of brutal demons are poised for battle. The situation is dire, but humanity has one final ace in the hole: the Panzer Paladin!",
        "inst": "Copy all the files from your Steam Windows copy of the game to `/roms/ports/panzerpaladin/gamedata`. PanzerPaladin.exe, a bunch of dll files and the Content folder should be directly inside of gamedata",
        "genres": [
            "action",
            "platformer"
        ],
        "image": {},
        "rtr": false,
        "runtime": "mono-6.12.0.122-aarch64.squashfs",
        "reqs": [],
        "arch": [],
        "desc_md": null,
        "inst_md": null,
        "exp": false
    }
}