<?xml version="1.0" encoding="utf-8"?>
<gamelist>
    <game>
        <path>./Clannad.sh</path>
        <name>Clannad</name>
        <desc>The story follows the life of Tomoya Okazaki, a high school delinquent who meets many people in his last year at school, including five girls, and helps resolve their individual problems. Follows a branching plot line which offers pre-determined scenarios with courses of interaction, and focuses on the appeal of the five female main characters by the player character.</desc>
        <image>./clannad/cover.png</image>
		<releasedate>20090730T000000</releasedate>
		<developer>Key</developer>
		<publisher>VisualArts</publisher>
    </game>
</gamelist