{
    "version": 3,
    "name": "clannad.zip",
    "items": [
        "Clannad.sh",
        "clannad/"
    ],
    "items_opt": null,
    "attr": {
        "title": "Clannad",
        "porter": [
            "Jeod",
            "kloptops"
        ],
        "desc": "The story follows the life of Tomoya Okazaki, a high school delinquent who meets many people in his last year at school, including five girls, and helps resolve their individual problems. Follows a branching plot line which offers pre-determined scenarios with courses of interaction, and focuses on the appeal of the five female main characters by the player character.",
        "inst": "Add your game assets to `ports/clannad/gamedata`.",
        "genres": [
            "visual novel"
        ],
        "image": "screenshot.png",
        "rtr": false,
        "exp": false,
        "runtime": "rlvm.squashfs",
        "arch": [
            "aarch64"
        ],
        "reqs": [],
        "desc_md": null,
        "inst_md": null
    }
}